Name,52 Week high,52 week low,200 day average,100 day average,50 day average
TSLA,293.3399963378906,143.75,244.77746338775194,232.57194018008104,239.09121149236506
